Post Link,ViewCount,Score,scTovc
"2193953","109607","2731","0.02491629"
"1132941","140213","2428","0.01731651"
"11227809","1403408","23491","0.01673854"